what,kind,bundleId,bundleVersion,description,time
deactivated,workbench,org.eclipse.ui.workbench,3.7.0.I20110519-0100,"",1329597650852
activated,workbench,org.eclipse.ui.workbench,3.7.0.I20110519-0100,"",1329597907163
executed,command,org.eclipse.ui,3.7.0.I20110602-0100,"org.eclipse.ui.edit.delete",1329597958105
executed,command,org.eclipse.ui,3.7.0.I20110602-0100,"org.eclipse.ui.edit.undo",1329597958960
executed,command,org.eclipse.ui,3.7.0.I20110602-0100,"org.eclipse.ui.edit.undo",1329597965490
executed,command,org.eclipse.ui,3.7.0.I20110602-0100,"org.eclipse.ui.edit.undo",1329597965655
executed,command,org.eclipse.ui,3.7.0.I20110602-0100,"org.eclipse.ui.edit.undo",1329597965832
executed,command,org.eclipse.ui,3.7.0.I20110602-0100,"org.eclipse.ui.edit.undo",1329597966064
executed,command,org.eclipse.ui,3.7.0.I20110602-0100,"org.eclipse.ui.file.save",1329597978472
deactivated,workbench,org.eclipse.ui.workbench,3.7.0.I20110519-0100,"",1329597979411
activated,workbench,org.eclipse.ui.workbench,3.7.0.I20110519-0100,"",1329598099423
executed,command,org.eclipse.ui.workbench.texteditor,3.7.0.v20110505-0800,"org.eclipse.ui.edit.text.goto.lineEnd",1329598109468
executed,command,org.eclipse.ui,3.7.0.I20110602-0100,"org.eclipse.ui.file.save",1329598125594
deactivated,workbench,org.eclipse.ui.workbench,3.7.0.I20110519-0100,"",1329598126379
activated,workbench,org.eclipse.ui.workbench,3.7.0.I20110519-0100,"",1329598153465
deactivated,workbench,org.eclipse.ui.workbench,3.7.0.I20110519-0100,"",1329598158796
activated,workbench,org.eclipse.ui.workbench,3.7.0.I20110519-0100,"",1329598164786
executed,command,org.eclipse.ui,3.7.0.I20110602-0100,"org.eclipse.ui.file.save",1329598172855
deactivated,workbench,org.eclipse.ui.workbench,3.7.0.I20110519-0100,"",1329598173197
activated,workbench,org.eclipse.ui.workbench,3.7.0.I20110519-0100,"",1329598191430
activated,editor,org.python.pydev,2.4.0.2012020116,"org.python.pydev.editor.PythonEditor",1329598191488
activated,editor,org.python.pydev,2.4.0.2012020116,"org.python.pydev.editor.PythonEditor",1329598195084
activated,editor,org.python.pydev,2.4.0.2012020116,"org.python.pydev.editor.PythonEditor",1329598196233
activated,editor,org.python.pydev,2.4.0.2012020116,"org.python.pydev.editor.PythonEditor",1329598201744
deactivated,workbench,org.eclipse.ui.workbench,3.7.0.I20110519-0100,"",1329598202926
activated,workbench,org.eclipse.ui.workbench,3.7.0.I20110519-0100,"",1329598205838
deactivated,workbench,org.eclipse.ui.workbench,3.7.0.I20110519-0100,"",1329598218502
activated,workbench,org.eclipse.ui.workbench,3.7.0.I20110519-0100,"",1329598230721
executed,command,org.eclipse.ui,3.7.0.I20110602-0100,"org.eclipse.ui.edit.cut",1329598231753
executed,command,org.eclipse.ui,3.7.0.I20110602-0100,"org.eclipse.ui.edit.paste",1329598232800
executed,command,org.eclipse.ui,3.7.0.I20110602-0100,"org.eclipse.ui.edit.copy",1329598237678
activated,editor,org.python.pydev,2.4.0.2012020116,"org.python.pydev.editor.PythonEditor",1329598239142
activated,editor,org.python.pydev,2.4.0.2012020116,"org.python.pydev.editor.PythonEditor",1329598240213
activated,editor,org.python.pydev,2.4.0.2012020116,"org.python.pydev.editor.PythonEditor",1329598255175
deactivated,workbench,org.eclipse.ui.workbench,3.7.0.I20110519-0100,"",1329598266739
activated,workbench,org.eclipse.ui.workbench,3.7.0.I20110519-0100,"",1329598267390
executed,command,org.eclipse.ui,3.7.0.I20110602-0100,"org.eclipse.ui.file.save",1329598270663
deactivated,workbench,org.eclipse.ui.workbench,3.7.0.I20110519-0100,"",1329598271113
activated,workbench,org.eclipse.ui.workbench,3.7.0.I20110519-0100,"",1329598286406
executed,command,org.eclipse.ui.workbench.texteditor,3.7.0.v20110505-0800,"org.eclipse.ui.edit.text.goto.lineEnd",1329598288814
executed,command,org.eclipse.ui,3.7.0.I20110602-0100,"org.eclipse.ui.file.saveAll",1329598291377
deactivated,workbench,org.eclipse.ui.workbench,3.7.0.I20110519-0100,"",1329598291851
activated,workbench,org.eclipse.ui.workbench,3.7.0.I20110519-0100,"",1329598305907
executed,command,org.eclipse.ui,3.7.0.I20110602-0100,"org.eclipse.ui.file.saveAll",1329598318850
deactivated,workbench,org.eclipse.ui.workbench,3.7.0.I20110519-0100,"",1329598320883
activated,workbench,org.eclipse.ui.workbench,3.7.0.I20110519-0100,"",1329598369528
deactivated,workbench,org.eclipse.ui.workbench,3.7.0.I20110519-0100,"",1329598373010
activated,workbench,org.eclipse.ui.workbench,3.7.0.I20110519-0100,"",1329598376474
activated,view,org.eclipse.ui.console,3.5.100.v20110511,"org.eclipse.ui.console.ConsoleView",1329598376503
activated,editor,org.python.pydev,2.4.0.2012020116,"org.python.pydev.editor.PythonEditor",1329598377537
deactivated,workbench,org.eclipse.ui.workbench,3.7.0.I20110519-0100,"",1329598384007
activated,workbench,org.eclipse.ui.workbench,3.7.0.I20110519-0100,"",1329598386156
deactivated,workbench,org.eclipse.ui.workbench,3.7.0.I20110519-0100,"",1329598386354
activated,workbench,org.eclipse.ui.workbench,3.7.0.I20110519-0100,"",1329598388233
activated,editor,org.python.pydev,2.4.0.2012020116,"org.python.pydev.editor.PythonEditor",1329598393983
activated,editor,org.python.pydev,2.4.0.2012020116,"org.python.pydev.editor.PythonEditor",1329598398115
activated,view,org.eclipse.ui.console,3.5.100.v20110511,"org.eclipse.ui.console.ConsoleView",1329598399017
activated,editor,org.python.pydev,2.4.0.2012020116,"org.python.pydev.editor.PythonEditor",1329598412824
executed,command,org.eclipse.ui,3.7.0.I20110602-0100,"org.eclipse.ui.edit.undo",1329598415710
executed,command,org.eclipse.ui,3.7.0.I20110602-0100,"org.eclipse.ui.edit.undo",1329598415899
executed,command,org.eclipse.ui,3.7.0.I20110602-0100,"org.eclipse.ui.file.saveAll",1329598418849
activated,view,org.eclipse.ui.console,3.5.100.v20110511,"org.eclipse.ui.console.ConsoleView",1329598426261
activated,editor,org.python.pydev,2.4.0.2012020116,"org.python.pydev.editor.PythonEditor",1329598426783
activated,view,org.eclipse.ui.console,3.5.100.v20110511,"org.eclipse.ui.console.ConsoleView",1329598427304
activated,editor,org.python.pydev,2.4.0.2012020116,"org.python.pydev.editor.PythonEditor",1329598459046
deactivated,workbench,org.eclipse.ui.workbench,3.7.0.I20110519-0100,"",1329598477338
activated,workbench,org.eclipse.ui.workbench,3.7.0.I20110519-0100,"",1329598478864
deactivated,workbench,org.eclipse.ui.workbench,3.7.0.I20110519-0100,"",1329598481546
activated,workbench,org.eclipse.ui.workbench,3.7.0.I20110519-0100,"",1329598482756
activated,view,org.eclipse.ui.console,3.5.100.v20110511,"org.eclipse.ui.console.ConsoleView",1329598487419
deactivated,workbench,org.eclipse.ui.workbench,3.7.0.I20110519-0100,"",1329598496740
activated,workbench,org.eclipse.ui.workbench,3.7.0.I20110519-0100,"",1329598532630
deactivated,workbench,org.eclipse.ui.workbench,3.7.0.I20110519-0100,"",1329598537077
activated,workbench,org.eclipse.ui.workbench,3.7.0.I20110519-0100,"",1329598551019
deactivated,workbench,org.eclipse.ui.workbench,3.7.0.I20110519-0100,"",1329598553656
activated,workbench,org.eclipse.ui.workbench,3.7.0.I20110519-0100,"",1329598571550
activated,editor,org.python.pydev,2.4.0.2012020116,"org.python.pydev.editor.PythonEditor",1329598590156
executed,command,org.eclipse.ui,3.7.0.I20110602-0100,"org.eclipse.ui.edit.copy",1329598629608
executed,command,org.eclipse.ui,3.7.0.I20110602-0100,"org.eclipse.ui.edit.paste",1329598635295
deactivated,workbench,org.eclipse.ui.workbench,3.7.0.I20110519-0100,"",1329598644780
activated,workbench,org.eclipse.ui.workbench,3.7.0.I20110519-0100,"",1329598698772
executed,command,org.eclipse.ui,3.7.0.I20110602-0100,"org.eclipse.ui.edit.undo",1329598700037
executed,command,org.eclipse.ui,3.7.0.I20110602-0100,"org.eclipse.ui.edit.undo",1329598700422
executed,command,org.eclipse.ui,3.7.0.I20110602-0100,"org.eclipse.ui.file.save",1329598717937
deactivated,workbench,org.eclipse.ui.workbench,3.7.0.I20110519-0100,"",1329598747496
activated,workbench,org.eclipse.ui.workbench,3.7.0.I20110519-0100,"",1329598748847
activated,view,org.eclipse.ui.console,3.5.100.v20110511,"org.eclipse.ui.console.ConsoleView",1329598750612
deactivated,workbench,org.eclipse.ui.workbench,3.7.0.I20110519-0100,"",1329598762597
activated,workbench,org.eclipse.ui.workbench,3.7.0.I20110519-0100,"",1329598782905
deactivated,workbench,org.eclipse.ui.workbench,3.7.0.I20110519-0100,"",1329598788049
activated,workbench,org.eclipse.ui.workbench,3.7.0.I20110519-0100,"",1329598797306
deactivated,workbench,org.eclipse.ui.workbench,3.7.0.I20110519-0100,"",1329598800555
activated,workbench,org.eclipse.ui.workbench,3.7.0.I20110519-0100,"",1329598802203
deactivated,workbench,org.eclipse.ui.workbench,3.7.0.I20110519-0100,"",1329598803427
activated,workbench,org.eclipse.ui.workbench,3.7.0.I20110519-0100,"",1329598804555
activated,editor,org.python.pydev,2.4.0.2012020116,"org.python.pydev.editor.PythonEditor",1329598813464
deactivated,workbench,org.eclipse.ui.workbench,3.7.0.I20110519-0100,"",1329598826933
activated,workbench,org.eclipse.ui.workbench,3.7.0.I20110519-0100,"",1329598840090
activated,view,org.eclipse.ui.console,3.5.100.v20110511,"org.eclipse.ui.console.ConsoleView",1329598840104
deactivated,workbench,org.eclipse.ui.workbench,3.7.0.I20110519-0100,"",1329598851826
activated,workbench,org.eclipse.ui.workbench,3.7.0.I20110519-0100,"",1329598853501
deactivated,workbench,org.eclipse.ui.workbench,3.7.0.I20110519-0100,"",1329598855601
activated,workbench,org.eclipse.ui.workbench,3.7.0.I20110519-0100,"",1329598858565
activated,editor,org.python.pydev,2.4.0.2012020116,"org.python.pydev.editor.PythonEditor",1329598900936
deactivated,workbench,org.eclipse.ui.workbench,3.7.0.I20110519-0100,"",1329598919851
activated,workbench,org.eclipse.ui.workbench,3.7.0.I20110519-0100,"",1329598921090
deactivated,workbench,org.eclipse.ui.workbench,3.7.0.I20110519-0100,"",1329598953457
activated,workbench,org.eclipse.ui.workbench,3.7.0.I20110519-0100,"",1329598954325
activated,view,org.eclipse.ui.console,3.5.100.v20110511,"org.eclipse.ui.console.ConsoleView",1329598956425
activated,editor,org.python.pydev,2.4.0.2012020116,"org.python.pydev.editor.PythonEditor",1329598980885
activated,view,org.eclipse.ui.console,3.5.100.v20110511,"org.eclipse.ui.console.ConsoleView",1329599010946
deactivated,workbench,org.eclipse.ui.workbench,3.7.0.I20110519-0100,"",1329599012277
activated,workbench,org.eclipse.ui.workbench,3.7.0.I20110519-0100,"",1329599018890
deactivated,workbench,org.eclipse.ui.workbench,3.7.0.I20110519-0100,"",1329599019005
activated,workbench,org.eclipse.ui.workbench,3.7.0.I20110519-0100,"",1329599020004
closed,workbench,org.eclipse.ui.workbench,3.7.0.I20110519-0100,"",1329599020454
started,bundle,org.eclipse.compare,3.5.201.R37x_v20110817-0800,"org.eclipse.compare",1329599021223
stopped,bundle,org.eclipse.m2e.logback.configuration,1.0.100.20110804-1717,"org.eclipse.m2e.logback.configuration",1329599021874
stopped,bundle,org.eclipse.m2e.discovery,1.0.100.20110804-1717,"org.eclipse.m2e.discovery",1329599021874
stopped,bundle,org.eclipse.m2e.refactoring,1.0.100.20110804-1717,"org.eclipse.m2e.refactoring",1329599021874
stopped,bundle,org.eclipse.m2e.editor,1.0.100.20110804-1717,"org.eclipse.m2e.editor",1329599021875
stopped,bundle,org.eclipse.m2e.editor.xml,1.0.100.20110804-1717,"org.eclipse.m2e.editor.xml",1329599021875
stopped,bundle,org.eclipse.m2e.jdt,1.0.100.20110804-1717,"org.eclipse.m2e.jdt",1329599021875
stopped,bundle,org.eclipse.m2e.launching,1.0.100.20110804-1717,"org.eclipse.m2e.launching",1329599021875
stopped,bundle,org.eclipse.m2e.usagedata,1.0.100.20110804-1717,"org.eclipse.m2e.usagedata",1329599021875
stopped,bundle,org.eclipse.ui.cheatsheets,3.4.100.v20110425,"org.eclipse.ui.cheatsheets",1329599021875
stopped,bundle,org.eclipse.help.ui,3.5.101.r37_20110819,"org.eclipse.help.ui",1329599021876
stopped,bundle,org.eclipse.help.webapp,3.6.0.v20110518,"org.eclipse.help.webapp",1329599021876
stopped,bundle,org.eclipse.epp.mpc.ui,1.1.1.I20110907-0947,"org.eclipse.epp.mpc.ui",1329599021876
stopped,bundle,org.eclipse.epp.usagedata.ui,1.3.1.R201106061540,"org.eclipse.epp.usagedata.ui",1329599021876
stopped,bundle,org.eclipse.ui.intro.universal,3.2.500.v20110510,"org.eclipse.ui.intro.universal",1329599021876
stopped,bundle,org.eclipse.ui.intro,3.4.100.v20110425,"org.eclipse.ui.intro",1329599021877
stopped,bundle,org.eclipse.help.base,3.6.1.v201109091335,"org.eclipse.help.base",1329599021877
stopped,bundle,org.eclipse.equinox.http.jetty,2.0.100.v20110502,"org.eclipse.equinox.http.jetty",1329599021877
stopped,bundle,org.eclipse.m2e.core.ui,1.0.100.20110804-1717,"org.eclipse.m2e.core.ui",1329599021877
stopped,bundle,org.eclipse.m2e.core,1.0.100.20110804-1717,"org.eclipse.m2e.core",1329599021877
stopped,bundle,org.eclipse.mylyn.ide.ant,3.6.0.v20110608-1400,"org.eclipse.mylyn.ide.ant",1329599021877
stopped,bundle,org.eclipse.ant.ui,3.5.100.v20110510,"org.eclipse.ant.ui",1329599021877
stopped,bundle,org.eclipse.ant.launching,1.0.100.v20110506,"org.eclipse.ant.launching",1329599021878
stopped,bundle,org.eclipse.compare.win32,1.0.200.I20110510-0800,"org.eclipse.compare.win32",1329599021878
stopped,bundle,org.eclipse.egit.mylyn.ui,1.1.0.201109151100-r,"org.eclipse.egit.mylyn.ui",1329599021878
stopped,bundle,org.eclipse.egit.ui,1.1.0.201109151100-r,"org.eclipse.egit.ui",1329599021879
stopped,bundle,org.eclipse.equinox.p2.ui.sdk,1.0.200.v20110502-1955,"org.eclipse.equinox.p2.ui.sdk",1329599021898
stopped,bundle,org.eclipse.mylyn.java.tasks,3.6.0.v20110608-1400,"org.eclipse.mylyn.java.tasks",1329599021901
stopped,bundle,org.eclipse.mylyn.java.ui,3.6.0.v20110608-1400,"org.eclipse.mylyn.java.ui",1329599021901
stopped,bundle,org.eclipse.jdt.junit,3.7.0.v20110505-0800,"org.eclipse.jdt.junit",1329599021901
stopped,bundle,org.eclipse.jdt.apt.ui,3.3.300.v20110305-1450,"org.eclipse.jdt.apt.ui",1329599021901
stopped,bundle,org.eclipse.jdt.debug.ui,3.6.1.v20110803_r371,"org.eclipse.jdt.debug.ui",1329599021901
stopped,bundle,org.eclipse.wb.swing.databinding,1.1.0.r37x201109091143,"org.eclipse.wb.swing.databinding",1329599021901
stopped,bundle,org.eclipse.wb.core.databinding,1.1.0.r37x201109091012,"org.eclipse.wb.core.databinding",1329599021901
stopped,bundle,org.eclipse.wb.swing.FormLayout,1.1.0.r37x201109091143,"org.eclipse.wb.swing.FormLayout",1329599021901
stopped,bundle,org.eclipse.wb.swing.MigLayout,1.1.0.r37x201109091143,"org.eclipse.wb.swing.MigLayout",1329599021901
stopped,bundle,org.eclipse.wb.swing.java6,1.1.0.r37x201109091143,"org.eclipse.wb.swing.java6",1329599021901
stopped,bundle,org.eclipse.wb.swing.jsr296,1.1.0.r37x201109091143,"org.eclipse.wb.swing.jsr296",1329599021901
stopped,bundle,org.eclipse.wb.swing,1.1.0.r37x201109091143,"org.eclipse.wb.swing",1329599021901
stopped,bundle,org.eclipse.wb.core.ui,1.1.0.r37x201109091028,"org.eclipse.wb.core.ui",1329599021902
stopped,bundle,org.eclipse.wb.layout.group,1.1.0.r37x201109091112,"org.eclipse.wb.layout.group",1329599021902
stopped,bundle,org.eclipse.wb.os.win32,1.1.0.r37x201109091012,"org.eclipse.wb.os.win32",1329599021902
stopped,bundle,org.eclipse.wb.core,1.1.0.r37x201109091012,"org.eclipse.wb.core",1329599021902
stopped,bundle,com.python.pydev.codecompletion,2.4.0.2012020116,"com.python.pydev.codecompletion",1329599021903
stopped,bundle,com.python.pydev.refactoring,2.4.0.2012020116,"com.python.pydev.refactoring",1329599021905
stopped,bundle,com.python.pydev.analysis,2.4.0.2012020116,"com.python.pydev.analysis",1329599021906
stopped,bundle,com.python.pydev.debug,2.4.0.2012020116,"com.python.pydev.debug",1329599021906
stopped,bundle,com.python.pydev.fastparser,2.4.0.2012020116,"com.python.pydev.fastparser",1329599021906
stopped,bundle,org.python.pydev.red_core,2.4.0.2012020116,"org.python.pydev.red_core",1329599021907
stopped,bundle,com.python.pydev,2.4.0.2012020116,"com.python.pydev",1329599021907
stopped,bundle,org.python.pydev.django,2.4.0.2012020116,"org.python.pydev.django",1329599021907
stopped,bundle,org.python.pydev.customizations,2.4.0.2012020116,"org.python.pydev.customizations",1329599021907
stopped,bundle,org.python.pydev.debug,2.4.0.2012020116,"org.python.pydev.debug",1329599021937
stopped,bundle,org.python.pydev.mylyn,0.3,"org.python.pydev.mylyn",1329599021937
stopped,bundle,org.python.pydev.refactoring,2.4.0.2012020116,"org.python.pydev.refactoring",1329599021940
stopped,bundle,org.python.pydev,2.4.0.2012020116,"org.python.pydev",1329599021943
stopped,bundle,org.eclipse.jdt.ui,3.7.1.r371_v20110824-0800,"org.eclipse.jdt.ui",1329599021965
stopped,bundle,org.eclipse.wst.dtd.ui,1.0.600.v201103171359,"org.eclipse.wst.dtd.ui",1329599021965
stopped,bundle,org.eclipse.wst.xsd.ui,1.2.404.v201105050216,"org.eclipse.wst.xsd.ui",1329599021965
stopped,bundle,org.eclipse.wst.xml.ui,1.1.201.v201108151912,"org.eclipse.wst.xml.ui",1329599021966
stopped,bundle,org.eclipse.wst.common.ui,1.1.500.v200911190730,"org.eclipse.wst.common.ui",1329599021966
stopped,bundle,org.eclipse.wst.sse.ui,1.3.1.v201108191312,"org.eclipse.wst.sse.ui",1329599021966
stopped,bundle,org.eclipse.search,3.7.0.v20110505-0800,"org.eclipse.search",1329599022009
stopped,bundle,org.eclipse.mylyn.commons.team,0.8.0.v20110608-1400,"org.eclipse.mylyn.commons.team",1329599022010
stopped,bundle,org.eclipse.mylyn.team.ui,3.6.1.v20110825-0100,"org.eclipse.mylyn.team.ui",1329599022010
stopped,bundle,org.eclipse.ui.navigator.resources,3.4.300.I20110421-1800,"org.eclipse.ui.navigator.resources",1329599022010
stopped,bundle,org.eclipse.ltk.ui.refactoring,3.6.0.v20110505-0800,"org.eclipse.ltk.ui.refactoring",1329599022010
stopped,bundle,org.eclipse.mylyn.bugzilla.ui,3.6.0.v20110608-1400,"org.eclipse.mylyn.bugzilla.ui",1329599022010
stopped,bundle,org.eclipse.mylyn.ide.ui,3.6.0.v20110608-1400,"org.eclipse.mylyn.ide.ui",1329599022010
stopped,bundle,org.eclipse.mylyn.resources.ui,3.6.0.v20110608-1400,"org.eclipse.mylyn.resources.ui",1329599022011
stopped,bundle,org.eclipse.mylyn.wikitext.tasks.ui,1.5.0.v20110608-1400,"org.eclipse.mylyn.wikitext.tasks.ui",1329599022011
stopped,bundle,org.eclipse.mylyn.context.ui,3.6.0.v20110608-1400,"org.eclipse.mylyn.context.ui",1329599022011
stopped,bundle,org.eclipse.mylyn.help.ui,3.6.1.v20110830-0100,"org.eclipse.mylyn.help.ui",1329599022011
stopped,bundle,org.eclipse.mylyn.tasks.bugs,3.6.1.v20110825-0100,"org.eclipse.mylyn.tasks.bugs",1329599022011
stopped,bundle,org.eclipse.mylyn.tasks.ui,3.6.2.v20110826-0100,"org.eclipse.mylyn.tasks.ui",1329599022012
stopped,bundle,org.eclipse.team.cvs.ui,3.3.400.I20110510-0800,"org.eclipse.team.cvs.ui",1329599022012
stopped,bundle,org.eclipse.team.ui,3.6.100.I20110525-0800,"org.eclipse.team.ui",1329599022012
stopped,bundle,org.eclipse.compare,3.5.201.R37x_v20110817-0800,"org.eclipse.compare",1329599022012
stopped,bundle,org.eclipse.ui.externaltools,3.2.0.v20110506,"org.eclipse.ui.externaltools",1329599022013
stopped,bundle,org.eclipse.debug.ui,3.7.101.v20110817_r371,"org.eclipse.debug.ui",1329599022123
stopped,bundle,org.eclipse.mylyn.wikitext.ui,1.5.0.v20110608-1400,"org.eclipse.mylyn.wikitext.ui",1329599022123
stopped,bundle,org.python.pydev.jython,2.4.0.2012020116,"org.python.pydev.jython",1329599022124
stopped,bundle,org.python.pydev.parser,2.4.0.2012020116,"org.python.pydev.parser",1329599022124
stopped,bundle,org.python.pydev.core,2.4.0.2012020116,"org.python.pydev.core",1329599022125
activated,perspective,org.python.pydev,,"org.python.pydev.ui.PythonPerspective",1329605393357
started,bundle,org.eclipse.osgi,3.7.1.R37x_v20110808-1106,"org.eclipse.osgi",1329605393358
started,bundle,org.eclipse.equinox.simpleconfigurator,1.0.200.v20110502-1955,"org.eclipse.equinox.simpleconfigurator",1329605393358
started,bundle,com.ibm.icu,4.4.2.v20110208,"com.ibm.icu",1329605393358
started,bundle,org.eclipse.compare.core,3.5.200.I20110208-0800,"org.eclipse.compare.core",1329605393358
started,bundle,org.eclipse.core.contenttype,3.4.100.v20110423-0524,"org.eclipse.core.contenttype",1329605393358
started,bundle,org.eclipse.core.databinding.observable,1.4.0.I20110222-0800,"org.eclipse.core.databinding.observable",1329605393358
started,bundle,org.eclipse.core.expressions,3.4.300.v20110228,"org.eclipse.core.expressions",1329605393358
started,bundle,org.eclipse.core.filebuffers,3.5.200.v20110505-0800,"org.eclipse.core.filebuffers",1329605393358
started,bundle,org.eclipse.core.filesystem,1.3.100.v20110423-0524,"org.eclipse.core.filesystem",1329605393358
started,bundle,org.eclipse.core.jobs,3.5.100.v20110404,"org.eclipse.core.jobs",1329605393358
started,bundle,org.eclipse.core.net,1.2.100.I20110511-0800,"org.eclipse.core.net",1329605393358
started,bundle,org.eclipse.core.resources,3.7.100.v20110510-0712,"org.eclipse.core.resources",1329605393358
started,bundle,org.eclipse.core.runtime,3.7.0.v20110110,"org.eclipse.core.runtime",1329605393358
started,bundle,org.eclipse.core.runtime.compatibility,3.2.100.v20100505,"org.eclipse.core.runtime.compatibility",1329605393358
started,bundle,org.eclipse.core.runtime.compatibility.auth,3.2.200.v20110110,"org.eclipse.core.runtime.compatibility.auth",1329605393358
started,bundle,org.eclipse.core.variables,3.2.500.v20110511,"org.eclipse.core.variables",1329605393358
started,bundle,org.eclipse.debug.core,3.7.0.v20110518,"org.eclipse.debug.core",1329605393358
started,bundle,org.eclipse.debug.ui,3.7.101.v20110817_r371,"org.eclipse.debug.ui",1329605393358
started,bundle,org.eclipse.egit.core,1.1.0.201109151100-r,"org.eclipse.egit.core",1329605393358
started,bundle,org.eclipse.egit.ui,1.1.0.201109151100-r,"org.eclipse.egit.ui",1329605393358
started,bundle,org.eclipse.epp.mpc.ui,1.1.1.I20110907-0947,"org.eclipse.epp.mpc.ui",1329605393358
started,bundle,org.eclipse.epp.usagedata.gathering,1.3.1.R201106061540,"org.eclipse.epp.usagedata.gathering",1329605393358
started,bundle,org.eclipse.epp.usagedata.recording,1.3.1.R201106061540,"org.eclipse.epp.usagedata.recording",1329605393358
started,bundle,org.eclipse.equinox.app,1.3.100.v20110321,"org.eclipse.equinox.app",1329605393358
started,bundle,org.eclipse.equinox.common,3.6.0.v20110523,"org.eclipse.equinox.common",1329605393358
started,bundle,org.eclipse.equinox.ds,1.3.1.R37x_v20110701,"org.eclipse.equinox.ds",1329605393358
started,bundle,org.eclipse.equinox.event,1.2.100.v20110502,"org.eclipse.equinox.event",1329605393358
started,bundle,org.eclipse.equinox.p2.core,2.1.0.v20110502-1955,"org.eclipse.equinox.p2.core",1329605393358
started,bundle,org.eclipse.equinox.p2.directorywatcher,1.0.300.v20110502-1955,"org.eclipse.equinox.p2.directorywatcher",1329605393358
started,bundle,org.eclipse.equinox.p2.engine,2.1.0.v20110511,"org.eclipse.equinox.p2.engine",1329605393358
started,bundle,org.eclipse.equinox.p2.metadata,2.1.0.v20110510,"org.eclipse.equinox.p2.metadata",1329605393358
started,bundle,org.eclipse.equinox.p2.metadata.repository,1.2.0.v20110511-1359,"org.eclipse.equinox.p2.metadata.repository",1329605393358
started,bundle,org.eclipse.equinox.p2.operations,2.1.0.v20110511-1821,"org.eclipse.equinox.p2.operations",1329605393358
started,bundle,org.eclipse.equinox.p2.reconciler.dropins,1.1.100.v20110510,"org.eclipse.equinox.p2.reconciler.dropins",1329605393358
started,bundle,org.eclipse.equinox.p2.repository,2.1.0.v20110601,"org.eclipse.equinox.p2.repository",1329605393358
started,bundle,org.eclipse.equinox.p2.ui.sdk.scheduler,1.0.100.v20110502-1955,"org.eclipse.equinox.p2.ui.sdk.scheduler",1329605393358
started,bundle,org.eclipse.equinox.p2.updatechecker,1.1.200.v20110502-1955,"org.eclipse.equinox.p2.updatechecker",1329605393358
started,bundle,org.eclipse.equinox.preferences,3.4.1.R37x_v20110725,"org.eclipse.equinox.preferences",1329605393358
started,bundle,org.eclipse.equinox.registry,3.5.101.R37x_v20110810-1611,"org.eclipse.equinox.registry",1329605393358
started,bundle,org.eclipse.equinox.security,1.1.1.R37x_v20110822-1018,"org.eclipse.equinox.security",1329605393358
started,bundle,org.eclipse.equinox.util,1.0.300.v20110502,"org.eclipse.equinox.util",1329605393358
started,bundle,org.eclipse.help,3.5.100.v20110426,"org.eclipse.help",1329605393358
started,bundle,org.eclipse.jdt.core,3.7.1.v_B76_R37x,"org.eclipse.jdt.core",1329605393358
started,bundle,org.eclipse.jdt.core.manipulation,1.4.0.v20110505-0800,"org.eclipse.jdt.core.manipulation",1329605393358
started,bundle,org.eclipse.jdt.ui,3.7.1.r371_v20110824-0800,"org.eclipse.jdt.ui",1329605393358
started,bundle,org.eclipse.jface,3.7.0.I20110522-1430,"org.eclipse.jface",1329605393358
started,bundle,org.eclipse.jgit,1.1.0.201109151100-r,"org.eclipse.jgit",1329605393358
started,bundle,org.eclipse.jsch.core,1.1.300.I20110514-0800,"org.eclipse.jsch.core",1329605393358
started,bundle,org.eclipse.ltk.core.refactoring,3.5.201.r371_v20110824-0800,"org.eclipse.ltk.core.refactoring",1329605393358
started,bundle,org.eclipse.ltk.ui.refactoring,3.6.0.v20110505-0800,"org.eclipse.ltk.ui.refactoring",1329605393358
started,bundle,org.eclipse.m2e.logback.configuration,1.0.100.20110804-1717,"org.eclipse.m2e.logback.configuration",1329605393358
started,bundle,org.eclipse.mylyn.bugzilla.core,3.6.2.v20110903-0100,"org.eclipse.mylyn.bugzilla.core",1329605393358
started,bundle,org.eclipse.mylyn.bugzilla.ui,3.6.0.v20110608-1400,"org.eclipse.mylyn.bugzilla.ui",1329605393358
started,bundle,org.eclipse.mylyn.commons.identity,0.8.0.v20110608-1400,"org.eclipse.mylyn.commons.identity",1329605393358
started,bundle,org.eclipse.mylyn.commons.net,3.6.0.v20110608-1400,"org.eclipse.mylyn.commons.net",1329605393358
started,bundle,org.eclipse.mylyn.commons.ui,3.6.1.v20110720-0100,"org.eclipse.mylyn.commons.ui",1329605393358
started,bundle,org.eclipse.mylyn.context.core,3.6.1.v20110720-0100,"org.eclipse.mylyn.context.core",1329605393358
started,bundle,org.eclipse.mylyn.context.ui,3.6.0.v20110608-1400,"org.eclipse.mylyn.context.ui",1329605393358
started,bundle,org.eclipse.mylyn.monitor.ui,3.6.0.v20110608-1400,"org.eclipse.mylyn.monitor.ui",1329605393358
started,bundle,org.eclipse.mylyn.tasks.ui,3.6.2.v20110826-0100,"org.eclipse.mylyn.tasks.ui",1329605393358
started,bundle,org.eclipse.mylyn.team.ui,3.6.1.v20110825-0100,"org.eclipse.mylyn.team.ui",1329605393358
started,bundle,org.eclipse.search,3.7.0.v20110505-0800,"org.eclipse.search",1329605393358
started,bundle,org.eclipse.team.core,3.6.0.I20110525-0800,"org.eclipse.team.core",1329605393358
started,bundle,org.eclipse.team.cvs.core,3.3.400.I20110510-0800,"org.eclipse.team.cvs.core",1329605393358
started,bundle,org.eclipse.team.cvs.ui,3.3.400.I20110510-0800,"org.eclipse.team.cvs.ui",1329605393358
started,bundle,org.eclipse.team.ui,3.6.100.I20110525-0800,"org.eclipse.team.ui",1329605393358
started,bundle,org.eclipse.ui,3.7.0.I20110602-0100,"org.eclipse.ui",1329605393358
started,bundle,org.eclipse.ui.console,3.5.100.v20110511,"org.eclipse.ui.console",1329605393358
started,bundle,org.eclipse.ui.editors,3.7.0.v20110517-0800,"org.eclipse.ui.editors",1329605393358
started,bundle,org.eclipse.ui.forms,3.5.100.v20110425,"org.eclipse.ui.forms",1329605393358
started,bundle,org.eclipse.ui.ide,3.7.0.v20110809-1737,"org.eclipse.ui.ide",1329605393358
started,bundle,org.eclipse.ui.navigator,3.5.100.v20110809-2227,"org.eclipse.ui.navigator",1329605393358
started,bundle,org.eclipse.ui.navigator.resources,3.4.300.I20110421-1800,"org.eclipse.ui.navigator.resources",1329605393358
started,bundle,org.eclipse.ui.net,1.2.100.I20110511-0800,"org.eclipse.ui.net",1329605393358
